day;occupation;power
0.800000000000000;5;0.747135260000000
0.800000000000000;5;1.37031140000000
0.800000000000000;5;0.759629780000000
0.800000000000000;5;1.12568680000000
0.800000000000000;5;1.91092610000000
0.800000000000000;5;2.80363820000000
0.800000000000000;5;1.25683360000000
0.800000000000000;5;1.41981410000000
0.800000000000000;5;1.99539110000000
0.800000000000000;5;1.19896930000000
0.800000000000000;5;1.58292870000000
0.800000000000000;5;1.45528450000000
0.800000000000000;5;1.65201010000000
0.800000000000000;5;1.15433620000000
0.800000000000000;5;1.10166600000000
0.800000000000000;5;1.14421980000000
0.800000000000000;5;1.88061110000000
0.800000000000000;5;1.43440880000000
0.800000000000000;5;1.21708120000000
0.800000000000000;5;1.03791830000000
0.800000000000000;5;1.65486140000000
0.150000000000000;5;1.93325290000000
0.150000000000000;5;2.31607890000000
0.150000000000000;5;2.16034180000000
0.150000000000000;5;1.30082780000000
0.150000000000000;5;1.45107140000000
0.150000000000000;5;0.491745060000000
0.150000000000000;5;0.322652780000000
0.150000000000000;5;0.316240930000000
0.150000000000000;5;1.27290640000000
0.150000000000000;5;0.740971190000000
0.150000000000000;5;0.332930560000000
0.150000000000000;5;0.412632850000000
0.150000000000000;5;0.398101330000000
0.150000000000000;5;1.06591070000000
0.150000000000000;5;0.789174220000000
0.150000000000000;5;0.527358000000000
0.150000000000000;5;0.358863330000000
0.150000000000000;5;0.313478220000000
0.150000000000000;5;0.884484000000000
0.150000000000000;5;0.598565670000000
0.150000000000000;5;0.700944510000000
0.150000000000000;5;0.501707110000000
0.150000000000000;5;0.303805450000000
0.150000000000000;5;0.918527560000000
0.150000000000000;5;0.335701440000000
0.150000000000000;5;0.588473860000000
0.150000000000000;5;0.740225110000000
0.150000000000000;5;0.367784790000000
0.150000000000000;5;1.63736640000000
0.150000000000000;5;1.19186660000000
0.150000000000000;5;1.23169780000000
0.150000000000000;5;1.66887780000000
0.150000000000000;5;1.78032070000000
0.150000000000000;5;2.20629430000000
0.150000000000000;5;2.84504730000000
0.150000000000000;5;1.39287690000000
0.150000000000000;5;3.05647330000000
0.150000000000000;5;3.75083420000000
0.150000000000000;5;2.56731880000000
0.150000000000000;5;3.18566080000000
0.150000000000000;5;3.30239800000000
0.150000000000000;5;3.45109770000000
0.150000000000000;5;3.28874140000000
0.150000000000000;5;1.76376960000000
0.150000000000000;5;1.57410270000000
0.150000000000000;5;1.47938120000000
0.150000000000000;5;1.86654020000000
0.150000000000000;5;1.68097460000000
0.150000000000000;5;2.36587820000000
0.150000000000000;5;0.440670780000000
0.150000000000000;5;1.71100000000000
0.150000000000000;5;1.14441330000000
0.150000000000000;5;2.12706040000000
0.150000000000000;5;4.67012020000000
0.150000000000000;5;0.510500550000000
0.150000000000000;5;2.61176100000000
0.150000000000000;5;2.59377270000000
0.150000000000000;5;2.52921850000000
0.150000000000000;5;1.47456860000000
0.150000000000000;5;0.602728860000000
0.150000000000000;5;0.810907990000000
0.150000000000000;5;1.54489270000000
0.150000000000000;5;1.35010140000000
0.150000000000000;5;1.25629070000000
0.150000000000000;5;0.793303220000000
0.150000000000000;5;1.51695310000000
0.150000000000000;5;1.35088870000000
0.150000000000000;5;1.02921320000000
0.150000000000000;5;1.37379810000000
0.150000000000000;5;0.376320220000000
0.150000000000000;5;0.521637890000000
0.150000000000000;5;0.944517560000000
0.150000000000000;5;1.81696140000000
0.150000000000000;5;0.988418440000000
0.150000000000000;5;0.399113560000000
0.150000000000000;5;0.874570750000000
0.150000000000000;5;1.34391720000000
0.150000000000000;5;1.26773560000000
0.150000000000000;5;3.18361020000000
0.150000000000000;5;3.64128930000000
0.150000000000000;5;3.81521500000000
0.150000000000000;5;3.78742990000000
0.150000000000000;5;4.39185360000000
0.150000000000000;5;2.64314630000000
0.150000000000000;5;3.05375440000000
0.150000000000000;5;2.87797560000000
0.150000000000000;5;3.23606570000000
0.150000000000000;5;3.01562800000000
0.150000000000000;5;3.10225460000000
0.150000000000000;5;3.65787530000000
0.150000000000000;5;2.87198170000000
0.150000000000000;5;2.50639690000000
0.150000000000000;5;2.35107560000000
0.150000000000000;5;3.49571430000000
0.150000000000000;5;3.48552660000000
0.150000000000000;5;3.16326420000000
1;4;1.73127700000000
1;4;1.66873940000000
1;4;2.80171310000000
1;4;2.57303470000000
1;4;1.72570890000000
1;4;0.977072920000000
1;4;1.28518550000000
1;4;0.914452890000000
1;4;0.745502740000000
1;4;0.371947890000000
1;4;1.36742050000000
1;4;1.03846990000000
1;4;0.530571220000000
1;4;0.491733740000000
1;4;1.19092200000000
1;4;0.450526970000000
1;4;0.757931810000000
1;4;0.798083670000000
1;4;1.58211460000000
1;4;0.921285020000000
1;4;0.760475750000000
1;4;0.355693670000000
1;4;1.02519210000000
1;4;0.954634000000000
1;4;1.27642190000000
1;4;0.828414220000000
1;4;0.464915330000000
1;4;0.934487110000000
1;4;1.55275270000000
1;4;1.27725720000000
1;4;1.59778120000000
1;4;2.06844780000000
1;4;1.06161540000000
1;4;0.545329560000000
1;4;0.906503660000000
1;4;2.31643630000000
1;4;1.54694880000000
1;4;2.12057180000000
1;4;0.554935460000000
1;4;1.29275260000000
1;4;1.07045880000000
1;4;1.44787800000000
1;4;1.12915730000000
1;4;1.01301810000000
1;4;1.40377880000000
1;4;0.801526890000000
1;4;1.97781520000000
1;4;3.06685760000000
1;4;2.37418720000000
1;4;1.55194540000000
1;4;2.86839310000000
1;4;2.29964000000000
1;4;2.45324770000000
1;4;3.14136590000000
1;4;1.41725680000000
1;4;1.98283640000000
1;4;0.950961490000000
1;4;1.17427940000000
1;4;0.630904780000000
1;4;1.40287500000000
1;4;2.91800500000000
1;4;1.02688780000000
1;4;1.92746000000000
1;4;2.46136970000000
1;4;0.643459560000000
1;4;0.935659000000000
1;4;0.578575140000000
1;4;1.12569640000000
1;4;0.894412670000000
1;4;0.883931780000000
1;4;1.20338830000000
1;4;0.556103110000000
1;4;0.783726420000000
1;4;1.48298010000000
1;4;1.24012740000000
1;4;0.831162110000000
1;4;0.848734890000000
1;4;2.12279830000000
1;4;4.41095410000000
1;4;2.39084660000000
1;4;3.28668640000000
1;4;3.61508710000000
1;4;4.82758400000000
1;4;3.74673870000000
1;4;2.61528080000000
1;4;2.62116980000000
1;4;3.12118780000000
1;4;2.61422240000000
1;4;2.46395990000000
1;4;2.64681520000000
1;4;3.40172970000000
1;4;2.65454170000000
1;4;2.73664630000000
1;4;2.68118770000000
1;4;2.67839440000000
1;4;3.12274130000000
0.250000000000000;4;1.58808530000000
0.250000000000000;4;1.91844930000000
0.250000000000000;4;1.61887440000000
0.250000000000000;4;1.98078510000000
0.250000000000000;4;1.34644820000000
0.250000000000000;4;0.933938000000000
0.250000000000000;4;0.340016090000000
0.250000000000000;4;0.273136710000000
0.250000000000000;4;0.924379110000000
0.250000000000000;4;0.414799220000000
0.250000000000000;4;0.352727440000000
0.250000000000000;4;0.354892780000000
0.250000000000000;4;0.327638070000000
0.250000000000000;4;0.948577090000000
0.250000000000000;4;0.266231890000000
0.250000000000000;4;0.356080800000000
0.250000000000000;4;0.420729140000000
0.250000000000000;4;0.389893780000000
0.250000000000000;4;1.01405830000000
0.250000000000000;4;0.335300550000000
0.250000000000000;4;0.369416330000000
0.250000000000000;4;0.331190550000000
0.250000000000000;4;0.293166810000000
0.250000000000000;4;0.371194890000000
0.250000000000000;4;0.930276860000000
0.250000000000000;4;0.397488240000000
0.250000000000000;4;0.398473190000000
0.250000000000000;4;0.523220090000000
0.250000000000000;4;1.26807500000000
0.250000000000000;4;1.80217680000000
0.250000000000000;4;1.27289540000000
0.250000000000000;4;1.15330380000000
0.250000000000000;4;1.17025980000000
0.250000000000000;4;1.17808990000000
0.250000000000000;4;1.11271700000000
0.250000000000000;4;1.82047320000000
0.250000000000000;4;1.09880390000000
0.250000000000000;4;1.86618790000000
0.250000000000000;4;2.04289390000000
0.250000000000000;4;2.33348610000000
0.250000000000000;4;2.27130720000000
0.250000000000000;4;2.16754560000000
0.250000000000000;4;2.25673760000000
0.250000000000000;4;0.582772440000000
0.250000000000000;4;1.24068310000000
0.250000000000000;4;0.524123220000000
0.250000000000000;4;1.26775540000000
0.250000000000000;4;0.610983670000000
0.250000000000000;4;0.814711460000000
0.250000000000000;4;1.00318260000000
0.250000000000000;4;0.571891890000000
0.250000000000000;4;1.26944320000000
0.250000000000000;4;1.71687680000000
0.250000000000000;4;3.88226630000000
0.250000000000000;4;2.28736810000000
0.250000000000000;4;2.11002860000000
0.250000000000000;4;1.51667040000000
0.250000000000000;4;0.567773640000000
0.250000000000000;4;1.15487570000000
0.250000000000000;4;0.437173330000000
0.250000000000000;4;1.12905560000000
0.250000000000000;4;0.361682420000000
0.250000000000000;4;1.08097440000000
0.250000000000000;4;0.332616440000000
0.250000000000000;4;0.514974810000000
0.250000000000000;4;0.935776220000000
0.250000000000000;4;0.576779090000000
0.250000000000000;4;0.957209330000000
0.250000000000000;4;0.965203770000000
0.250000000000000;4;0.793636370000000
0.250000000000000;4;1.13356640000000
0.250000000000000;4;1.06666020000000
0.250000000000000;4;1.54978940000000
0.250000000000000;4;2.98353610000000
0.250000000000000;4;2.66113520000000
0.250000000000000;4;2.80480780000000
0.250000000000000;4;3.83147590000000
0.250000000000000;4;3.60148430000000
0.250000000000000;4;3.77927260000000
0.250000000000000;4;5.83175680000000
0.250000000000000;4;4.22380040000000
0.250000000000000;4;3.53247310000000
0.250000000000000;4;3.49793670000000
0.250000000000000;4;3.69386040000000
0.250000000000000;4;5.16541600000000
0.250000000000000;4;3.19975410000000
0.250000000000000;4;4.10308020000000
0.250000000000000;4;1.68247020000000
0.250000000000000;4;1.76612660000000
0.250000000000000;4;1.81719510000000
0.250000000000000;4;1.71862760000000
0.250000000000000;4;2.25377950000000
0.250000000000000;4;1.75045710000000
0.250000000000000;4;1.71767210000000
0.250000000000000;4;2.49848760000000
0.250000000000000;4;1.94969140000000
0.300000000000000;6;1.86824410000000
0.300000000000000;6;2.32531540000000
0.300000000000000;6;2.69577680000000
0.300000000000000;6;1.85233950000000
0.300000000000000;6;3.02628290000000
0.300000000000000;6;4.41929010000000
0.300000000000000;6;0.644944890000000
0.300000000000000;6;1.63125260000000
0.300000000000000;6;2.73960170000000
0.300000000000000;6;0.357839510000000
0.300000000000000;6;0.353777780000000
0.300000000000000;6;0.975405340000000
0.300000000000000;6;0.276202110000000
0.300000000000000;6;0.392432960000000
0.300000000000000;6;0.690958730000000
0.300000000000000;6;0.795304330000000
0.300000000000000;6;0.349914130000000
0.300000000000000;6;0.265096670000000
0.300000000000000;6;0.945558670000000
0.300000000000000;6;0.305407890000000
0.300000000000000;6;0.378799440000000
0.300000000000000;6;0.328674890000000
0.300000000000000;6;0.895881890000000
0.300000000000000;6;0.430561670000000
0.300000000000000;6;0.362982020000000
0.300000000000000;6;0.449364520000000
0.300000000000000;6;0.858172560000000
0.300000000000000;6;0.335302000000000
0.300000000000000;6;1.15496790000000
0.300000000000000;6;1.14420970000000
0.300000000000000;6;1.78824730000000
0.300000000000000;6;1.48112710000000
0.300000000000000;6;1.26377690000000
0.300000000000000;6;1.27120880000000
0.300000000000000;6;2.21353740000000
0.300000000000000;6;3.01790200000000
0.300000000000000;6;2.89508670000000
0.300000000000000;6;3.02366690000000
0.300000000000000;6;2.53489610000000
0.300000000000000;6;1.31188140000000
0.300000000000000;6;1.68286450000000
0.300000000000000;6;0.731395560000000
0.300000000000000;6;0.834586560000000
0.300000000000000;6;0.795210440000000
0.300000000000000;6;0.534990440000000
0.300000000000000;6;2.68649400000000
0.300000000000000;6;2.85793200000000
0.300000000000000;6;3.01880470000000
0.300000000000000;6;3.00417230000000
0.300000000000000;6;3.61750480000000
0.300000000000000;6;5.07751280000000
0.300000000000000;6;2.62069670000000
0.300000000000000;6;2.85971740000000
0.300000000000000;6;1.78248970000000
0.300000000000000;6;1.40055940000000
0.300000000000000;6;0.447265330000000
0.300000000000000;6;1.06619640000000
0.300000000000000;6;0.348268810000000
0.300000000000000;6;0.530252060000000
0.300000000000000;6;1.58155070000000
0.300000000000000;6;0.641109220000000
0.300000000000000;6;1.56262720000000
0.300000000000000;6;2.08506380000000
0.300000000000000;6;0.547495560000000
0.300000000000000;6;2.26048960000000
0.300000000000000;6;2.13548660000000
0.300000000000000;6;0.656605670000000
0.300000000000000;6;1.21085720000000
0.300000000000000;6;0.767344280000000
0.300000000000000;6;1.21919800000000
0.300000000000000;6;1.12229280000000
0.300000000000000;6;0.737478420000000
0.300000000000000;6;0.596055830000000
0.300000000000000;6;0.840146500000000
0.300000000000000;6;1.35967100000000
0.300000000000000;6;1.34620510000000
0.300000000000000;6;1.18219840000000
0.300000000000000;6;1.75491180000000
0.300000000000000;6;1.19954860000000
0.300000000000000;6;1.15176650000000
0.300000000000000;6;1.01322510000000
0.300000000000000;6;1.55516540000000
0.300000000000000;6;2.01305830000000
0.300000000000000;6;2.00774350000000
0.300000000000000;6;2.71934120000000
0.300000000000000;6;3.08527780000000
0.300000000000000;6;2.44470970000000
0.300000000000000;6;2.04547600000000
0.300000000000000;6;2.09418870000000
0.300000000000000;6;2.15376410000000
0.300000000000000;6;1.66801600000000
0.300000000000000;6;1.89686960000000
0.300000000000000;6;2.14369830000000
0.300000000000000;6;2.65412860000000
0.300000000000000;6;1.59249220000000
0.300000000000000;6;1.94404800000000
0.350000000000000;6;0.395926250000000
0.350000000000000;6;0.970334960000000
0.350000000000000;6;0.852631560000000
0.350000000000000;6;0.741209680000000
0.350000000000000;6;0.457846110000000
0.350000000000000;6;0.377815560000000
0.350000000000000;6;1.20531010000000
0.350000000000000;6;1.07843870000000
0.350000000000000;6;1.21757430000000
0.350000000000000;6;1.06963670000000
0.350000000000000;6;0.846257890000000
0.350000000000000;6;1.46853060000000
0.350000000000000;6;0.886145220000000
0.350000000000000;6;1.22220040000000
0.350000000000000;6;1.34228160000000
0.350000000000000;6;0.898491990000000
0.350000000000000;6;1.58773620000000
0.350000000000000;6;0.927168890000000
0.350000000000000;6;0.982661560000000
0.350000000000000;6;1.31892500000000
0.350000000000000;6;1.09163950000000
0.350000000000000;6;1.57386020000000
0.350000000000000;6;0.839680890000000
0.350000000000000;6;0.869444780000000
0.350000000000000;6;1.15930950000000
0.350000000000000;6;1.22829760000000
0.350000000000000;6;0.964476440000000
0.350000000000000;6;1.48730960000000
0.350000000000000;6;1.54184590000000
0.350000000000000;6;1.23513180000000
0.350000000000000;6;1.65006200000000
0.350000000000000;6;1.62347290000000
0.350000000000000;6;1.65587810000000
0.350000000000000;6;1.32764780000000
0.350000000000000;6;1.16212480000000
0.350000000000000;6;1.68291360000000
0.350000000000000;6;2.04835830000000
0.350000000000000;6;2.77401010000000
0.350000000000000;6;2.46174200000000
0.350000000000000;6;2.11942790000000
0.350000000000000;6;2.49061270000000
0.350000000000000;6;2.66817300000000
0.350000000000000;6;2.51477450000000
0.350000000000000;6;2.16376880000000
0.350000000000000;6;2.01991130000000
0.350000000000000;6;2.38298090000000
0.350000000000000;6;2.74908280000000
0.350000000000000;6;1.15884120000000
0.350000000000000;6;1.82566660000000
0.350000000000000;6;0.946945390000000
0.350000000000000;6;1.75039590000000
0.350000000000000;6;0.980347000000000
0.350000000000000;6;1.23406390000000
0.350000000000000;6;0.707071640000000
0.350000000000000;6;0.740168110000000
0.350000000000000;6;0.781982690000000
0.350000000000000;6;1.18321390000000
0.350000000000000;6;1.29609330000000
0.350000000000000;6;0.391801110000000
0.350000000000000;6;0.985225310000000
0.350000000000000;6;1.75788540000000
0.350000000000000;6;0.872060380000000
0.350000000000000;6;0.857090780000000
0.350000000000000;6;1.30861310000000
0.350000000000000;6;0.898081330000000
0.350000000000000;6;0.773108550000000
0.350000000000000;6;1.00269240000000
0.350000000000000;6;0.577818000000000
0.350000000000000;6;0.617548830000000
0.350000000000000;6;1.32452100000000
0.350000000000000;6;1.39771830000000
0.350000000000000;6;1.13696420000000
0.350000000000000;6;2.26457090000000
0.350000000000000;6;3.27833910000000
0.350000000000000;6;3.52906400000000
0.350000000000000;6;3.06637850000000
0.350000000000000;6;2.38069470000000
0.350000000000000;6;2.92372020000000
0.350000000000000;6;1.51816940000000
0.350000000000000;6;1.40874770000000
0.350000000000000;6;2.71436770000000
0.350000000000000;6;1.53649600000000
0.350000000000000;6;2.62247860000000
0.350000000000000;6;1.85168910000000
0.350000000000000;6;1.68085520000000
0.350000000000000;6;1.54251150000000
0.350000000000000;6;1.25540620000000
0.350000000000000;6;1.49026280000000
0.350000000000000;6;2.10764150000000
0.350000000000000;6;2.72279080000000
0.350000000000000;6;1.79777710000000
0.350000000000000;6;1.65858190000000
0.350000000000000;6;1.36910280000000
0.350000000000000;6;2.09636160000000
0.350000000000000;6;1.93342440000000
0.350000000000000;6;1.43624290000000
0.0500000000000000;4;0.534905110000000
0.0500000000000000;4;0.843973860000000
0.0500000000000000;4;1.81665490000000
0.0500000000000000;4;1.41215590000000
0.0500000000000000;4;1.02752830000000
0.0500000000000000;4;0.859140180000000
0.0500000000000000;4;1.19284370000000
0.0500000000000000;4;2.64575020000000
0.0500000000000000;4;2.12604100000000
0.0500000000000000;4;1.41267420000000
0.0500000000000000;4;1.21513580000000
0.0500000000000000;4;1.18970000000000
0.0500000000000000;4;2.14233570000000
0.0500000000000000;4;1.36135730000000
0.0500000000000000;4;1.27563770000000
0.0500000000000000;4;1.64705780000000
0.0500000000000000;4;1.74180550000000
0.0500000000000000;4;2.05796340000000
0.0500000000000000;4;1.19791860000000
0.0500000000000000;4;1.25089020000000
0.0500000000000000;4;1.49155090000000
0.0500000000000000;4;1.73926120000000
0.0500000000000000;4;2.05716510000000
0.0500000000000000;4;1.27936360000000
0.0500000000000000;4;1.29881070000000
0.0500000000000000;4;1.54086790000000
0.0500000000000000;4;1.72164870000000
0.0500000000000000;4;2.09961640000000
0.0500000000000000;4;1.78253080000000
0.0500000000000000;4;1.09334880000000
0.0500000000000000;4;1.04003040000000
0.0500000000000000;4;0.852220330000000
0.0500000000000000;4;0.923481980000000
0.0500000000000000;4;1.10028380000000
0.0500000000000000;4;0.429290000000000
0.0500000000000000;4;0.674502560000000
0.0500000000000000;4;1.06249390000000
0.0500000000000000;4;0.919100550000000
0.0500000000000000;4;0.676224780000000
0.0500000000000000;4;1.62679890000000
0.0500000000000000;4;2.49501160000000
0.0500000000000000;4;1.94509260000000
0.0500000000000000;4;1.72660990000000
0.0500000000000000;4;0.717460780000000
0.0500000000000000;4;1.24364320000000
0.0500000000000000;4;0.657100000000000
0.0500000000000000;4;1.39228910000000
0.0500000000000000;4;1.46013830000000
0.0500000000000000;4;0.519113440000000
0.0500000000000000;4;1.12401910000000
0.0500000000000000;4;0.445959380000000
0.0500000000000000;4;3.85053380000000
0.0500000000000000;4;4.37844990000000
0.0500000000000000;4;5.11724080000000
0.0500000000000000;4;2.97982660000000
0.0500000000000000;4;0.833919890000000
0.0500000000000000;4;1.81248620000000
0.0500000000000000;4;1.28858920000000
0.0500000000000000;4;1.95744800000000
0.0500000000000000;4;0.841230030000000
0.0500000000000000;4;1.26445580000000
0.0500000000000000;4;0.897316540000000
0.0500000000000000;4;0.820123890000000
0.0500000000000000;4;1.41941140000000
0.0500000000000000;4;0.520821330000000
0.0500000000000000;4;1.15980890000000
0.0500000000000000;4;0.766107660000000
0.0500000000000000;4;0.770937780000000
0.0500000000000000;4;1.40939270000000
0.0500000000000000;4;0.343418910000000
0.0500000000000000;4;0.335120420000000
0.0500000000000000;4;0.945105010000000
0.0500000000000000;4;0.795695330000000
0.0500000000000000;4;0.856437740000000
0.0500000000000000;4;0.767519690000000
0.0500000000000000;4;0.617178560000000
0.0500000000000000;4;0.270775440000000
0.0500000000000000;4;0.818178470000000
0.0500000000000000;4;0.938133260000000
0.0500000000000000;4;0.360131960000000
0.0500000000000000;4;0.809926220000000
0.0500000000000000;4;1.03697290000000
0.0500000000000000;4;1.52444510000000
0.0500000000000000;4;1.07489810000000
0.0500000000000000;4;1.17181300000000
0.0500000000000000;4;2.22376460000000
0.0500000000000000;4;1.79366240000000
0.0500000000000000;4;1.42964280000000
0.0500000000000000;4;1.19837330000000
0.0500000000000000;4;1.75064990000000
0.0500000000000000;4;1.47119910000000
0.0500000000000000;4;1.63224710000000
0.0500000000000000;4;1.42674020000000
0.0500000000000000;4;1.76088670000000
0.0500000000000000;4;1.00861440000000
0.0500000000000000;4;1.36378920000000
0.800000000000000;3;0.752659380000000
0.800000000000000;3;0.941274110000000
0.800000000000000;3;0.722451110000000
0.800000000000000;3;0.335679780000000
0.800000000000000;3;0.313047390000000
0.800000000000000;3;0.831507880000000
0.800000000000000;3;1.88507210000000
0.800000000000000;3;1.36258430000000
0.800000000000000;3;1.15970590000000
0.800000000000000;3;1.21148140000000
0.800000000000000;3;1.64366630000000
0.800000000000000;3;2.24255310000000
0.800000000000000;3;1.34161940000000
0.800000000000000;3;1.26451830000000
0.800000000000000;3;1.40905060000000
0.800000000000000;3;4.04500130000000
0.800000000000000;3;2.69570060000000
0.800000000000000;3;1.67133070000000
0.800000000000000;3;3.02922000000000
0.800000000000000;3;2.97514430000000
0.800000000000000;3;1.64885870000000
0.800000000000000;3;1.70283410000000
0.800000000000000;3;1.43634300000000
0.800000000000000;3;1.19805870000000
0.800000000000000;3;1.83283510000000
0.800000000000000;3;1.55458010000000
0.800000000000000;3;1.51047000000000
0.800000000000000;3;1.13688500000000
0.800000000000000;3;2.25893940000000
0.800000000000000;3;1.97615710000000
0.800000000000000;3;1.61943840000000
0.800000000000000;3;1.17421010000000
0.800000000000000;3;1.19346230000000
0.800000000000000;3;1.86191710000000
0.800000000000000;3;1.77839780000000
0.800000000000000;3;1.70310270000000
0.800000000000000;3;1.19144400000000
0.800000000000000;3;1.50804110000000
0.800000000000000;3;1.13221210000000
0.800000000000000;3;1.06363180000000
0.800000000000000;3;0.418757000000000
0.800000000000000;3;0.632631560000000
0.800000000000000;3;1.13118810000000
0.800000000000000;3;1.28894730000000
0.800000000000000;3;0.726808450000000
0.800000000000000;3;0.929655890000000
0.800000000000000;3;0.968692450000000
0.800000000000000;3;1.99286670000000
0.800000000000000;3;3.08853960000000
0.800000000000000;3;0.563495670000000
0.800000000000000;3;2.32350620000000
0.800000000000000;3;0.430585110000000
0.800000000000000;3;1.99849760000000
0.800000000000000;3;2.30628430000000
0.800000000000000;3;2.09609170000000
0.800000000000000;3;2.04974740000000
0.800000000000000;3;1.95947630000000
0.800000000000000;3;0.710818670000000
0.800000000000000;3;1.23376470000000
0.800000000000000;3;0.453596110000000
0.800000000000000;3;1.22286920000000
0.800000000000000;3;0.488967220000000
0.800000000000000;3;1.67759100000000
0.800000000000000;3;1.12781810000000
0.800000000000000;3;1.09567320000000
0.800000000000000;3;0.576423330000000
0.800000000000000;3;0.423069560000000
0.800000000000000;3;1.21457460000000
0.800000000000000;3;0.389804330000000
0.800000000000000;3;0.465389440000000
0.800000000000000;3;0.761328670000000
0.800000000000000;3;0.294144380000000
0.800000000000000;3;1.03188140000000
0.800000000000000;3;0.547799220000000
0.800000000000000;3;2.05686900000000
0.800000000000000;3;2.43306990000000
0.800000000000000;3;1.15946220000000
0.800000000000000;3;2.45105480000000
0.800000000000000;3;1.68257410000000
0.800000000000000;3;1.61914270000000
0.800000000000000;3;1.93976090000000
0.800000000000000;3;2.54662440000000
0.800000000000000;3;3.86964610000000
0.800000000000000;3;4.16095060000000
0.800000000000000;3;3.25947690000000
0.800000000000000;3;1.50146810000000
0.800000000000000;3;1.37985670000000
0.800000000000000;3;1.72180570000000
0.800000000000000;3;1.87296110000000
0.800000000000000;3;2.29990620000000
0.800000000000000;3;1.50507330000000
0.800000000000000;3;0.899503220000000
0.800000000000000;3;1.42313490000000
0.800000000000000;3;1.99441200000000
0.800000000000000;3;1.80710200000000
0.800000000000000;3;2.00090530000000
0.150000000000000;3;1.58054110000000
0.150000000000000;3;2.37766520000000
0.150000000000000;3;1.73600330000000
0.150000000000000;3;3.44242570000000
0.150000000000000;3;1.31858510000000
0.150000000000000;3;1.39519400000000
0.150000000000000;3;3.34738370000000
0.150000000000000;3;2.06587660000000
0.150000000000000;3;2.14474220000000
0.150000000000000;3;1.89510520000000
0.150000000000000;3;1.19426710000000
0.150000000000000;3;1.73384430000000
0.150000000000000;3;1.76544130000000
0.150000000000000;3;2.39414400000000
0.150000000000000;3;1.50562430000000
0.150000000000000;3;1.61754180000000
0.150000000000000;3;1.74272630000000
0.150000000000000;3;2.26526340000000
0.150000000000000;3;1.79906000000000
0.150000000000000;3;1.60297880000000
0.150000000000000;3;1.79120010000000
0.150000000000000;3;1.67926500000000
0.150000000000000;3;2.24853260000000
0.150000000000000;3;1.56028330000000
0.150000000000000;3;1.72358240000000
0.150000000000000;3;1.65289340000000
0.150000000000000;3;1.98539940000000
0.150000000000000;3;1.88587620000000
0.150000000000000;3;2.02541390000000
0.150000000000000;3;1.59847430000000
0.150000000000000;3;1.66161470000000
0.150000000000000;3;2.15974760000000
0.150000000000000;3;1.55977100000000
0.150000000000000;3;1.41597790000000
0.150000000000000;3;1.71570880000000
0.150000000000000;3;1.84356040000000
0.150000000000000;3;2.29021120000000
0.150000000000000;3;1.77930860000000
0.150000000000000;3;1.10226170000000
0.150000000000000;3;0.953562890000000
0.150000000000000;3;2.60260800000000
0.150000000000000;3;2.97950040000000
0.150000000000000;3;2.59753370000000
0.150000000000000;3;1.74723380000000
0.150000000000000;3;2.06441400000000
0.150000000000000;3;2.29022440000000
0.150000000000000;3;2.51982590000000
0.150000000000000;3;1.70719000000000
0.150000000000000;3;1.14787010000000
0.150000000000000;3;0.680432110000000
0.150000000000000;3;1.05686910000000
0.150000000000000;3;2.59452240000000
0.150000000000000;3;2.32205390000000
0.150000000000000;3;1.97804020000000
0.150000000000000;3;1.70107970000000
0.150000000000000;3;1.11272520000000
0.150000000000000;3;1.43521690000000
0.150000000000000;3;0.918795450000000
0.150000000000000;3;0.764306340000000
0.150000000000000;3;0.658535180000000
0.150000000000000;3;1.30469940000000
0.150000000000000;3;1.69738560000000
0.150000000000000;3;1.66508700000000
0.150000000000000;3;0.683033850000000
0.150000000000000;3;1.93489110000000
0.150000000000000;3;1.33633030000000
0.150000000000000;3;1.27461640000000
0.150000000000000;3;1.37571710000000
0.150000000000000;3;0.528329370000000
0.150000000000000;3;0.839249440000000
0.150000000000000;3;1.33678410000000
0.150000000000000;3;0.951491440000000
0.150000000000000;3;1.61033170000000
0.150000000000000;3;1.03529240000000
0.150000000000000;3;0.534821530000000
0.150000000000000;3;1.51337980000000
0.150000000000000;3;1.32520530000000
0.150000000000000;3;1.26860200000000
0.150000000000000;3;1.59064430000000
0.150000000000000;3;1.87116190000000
0.150000000000000;3;2.14545380000000
0.150000000000000;3;1.91756200000000
0.150000000000000;3;2.98530310000000
0.150000000000000;3;3.36676810000000
0.150000000000000;3;3.09992600000000
0.150000000000000;3;2.33893860000000
0.150000000000000;3;2.13632790000000
0.150000000000000;3;2.30841260000000
0.150000000000000;3;2.12715720000000
0.150000000000000;3;2.31134820000000
0.150000000000000;3;1.74697750000000
0.150000000000000;3;2.21231970000000
0.150000000000000;3;2.29829210000000
0.150000000000000;3;2.73135860000000
0.150000000000000;3;1.83949140000000
0.150000000000000;3;1.54289140000000
1;3;1.05671840000000
1;3;1.90219190000000
1;3;1.06637340000000
1;3;0.539549220000000
1;3;0.775575890000000
1;3;1.40791040000000
1;3;1.46064940000000
1;3;1.10291280000000
1;3;1.37439790000000
1;3;2.20857120000000
1;3;1.32350430000000
1;3;1.43686870000000
1;3;1.66199940000000
1;3;1.51960500000000
1;3;1.84462400000000
1;3;1.69568170000000
1;3;1.72858260000000
1;3;1.16718170000000
1;3;1.78129360000000
1;3;1.65964450000000
1;3;1.82086020000000
1;3;1.55986870000000
1;3;1.67213130000000
1;3;1.61260020000000
1;3;1.24065620000000
1;3;1.63110510000000
1;3;1.52888570000000
1;3;1.80340580000000
1;3;2.27617350000000
1;3;1.57477740000000
1;3;1.51104200000000
1;3;1.09479960000000
1;3;2.30480830000000
1;3;2.37562020000000
1;3;1.78659090000000
1;3;1.84353380000000
1;3;2.14839100000000
1;3;1.86544130000000
1;3;0.832610220000000
1;3;2.06554940000000
1;3;0.989796110000000
1;3;1.18104870000000
1;3;0.527295210000000
1;3;1.13396230000000
1;3;0.483837110000000
1;3;1.16161040000000
1;3;0.351540890000000
1;3;0.955253560000000
1;3;0.916776890000000
1;3;1.00733510000000
1;3;2.08314410000000
1;3;1.14271330000000
1;3;3.10536600000000
1;3;1.89890530000000
1;3;0.942536000000000
1;3;0.849865000000000
1;3;1.21047810000000
1;3;1.15913510000000
1;3;0.688444560000000
1;3;1.36774270000000
1;3;0.848555780000000
1;3;2.83751280000000
1;3;2.23269100000000
1;3;1.08257270000000
1;3;3.57093940000000
1;3;2.77934200000000
1;3;2.14583220000000
1;3;1.13914460000000
1;3;1.08201900000000
1;3;1.54063430000000
1;3;1.10415520000000
1;3;1.14187410000000
1;3;0.737533440000000
1;3;1.21368640000000
1;3;0.789427670000000
1;3;1.06612810000000
1;3;2.67293770000000
1;3;2.57070520000000
1;3;1.71732000000000
1;3;1.14488320000000
1;3;1.20322620000000
1;3;2.40703420000000
1;3;1.90429200000000
1;3;1.69406190000000
1;3;2.15386880000000
1;3;2.33818160000000
1;3;1.82227680000000
1;3;2.24820750000000
1;3;2.17832540000000
1;3;1.91713420000000
1;3;2.33851300000000
1;3;1.55553580000000
1;3;2.10416740000000
1;3;2.09558070000000
1;3;1.89788680000000
1;3;1.79427880000000
0.250000000000000;3;1.07501590000000
0.250000000000000;3;0.951029560000000
0.250000000000000;3;0.633680220000000
0.250000000000000;3;1.66612010000000
0.250000000000000;3;0.969344380000000
0.250000000000000;3;0.425408210000000
0.250000000000000;3;0.751240330000000
0.250000000000000;3;1.33853350000000
0.250000000000000;3;2.03060870000000
0.250000000000000;3;1.01744920000000
0.250000000000000;3;1.30518040000000
0.250000000000000;3;1.57882500000000
0.250000000000000;3;1.74773780000000
0.250000000000000;3;1.40177760000000
0.250000000000000;3;1.28942740000000
0.250000000000000;3;1.48808390000000
0.250000000000000;3;1.22144890000000
0.250000000000000;3;2.10061220000000
0.250000000000000;3;1.80348420000000
0.250000000000000;3;1.32892280000000
0.250000000000000;3;1.27712830000000
0.250000000000000;3;1.46701880000000
0.250000000000000;3;2.23563730000000
0.250000000000000;3;1.43534960000000
0.250000000000000;3;1.08086400000000
0.250000000000000;3;1.01631980000000
0.250000000000000;3;1.48358320000000
0.250000000000000;3;2.04107620000000
0.250000000000000;3;1.58656080000000
0.250000000000000;3;1.11972060000000
0.250000000000000;3;0.991437000000000
0.250000000000000;3;0.961609780000000
0.250000000000000;3;1.27891740000000
0.250000000000000;3;0.563872140000000
0.250000000000000;3;1.25226890000000
0.250000000000000;3;0.825734000000000
0.250000000000000;3;0.793306330000000
0.250000000000000;3;1.24987400000000
0.250000000000000;3;0.603544780000000
0.250000000000000;3;1.07388790000000
0.250000000000000;3;1.26286240000000
0.250000000000000;3;2.29930140000000
0.250000000000000;3;2.09960990000000
0.250000000000000;3;1.03294660000000
0.250000000000000;3;1.05144380000000
0.250000000000000;3;0.493972890000000
0.250000000000000;3;1.18550730000000
0.250000000000000;3;0.369253780000000
0.250000000000000;3;0.809733890000000
0.250000000000000;3;0.535727470000000
0.250000000000000;3;0.470928970000000
0.250000000000000;3;1.26042090000000
0.250000000000000;3;1.58489910000000
0.250000000000000;3;7.17798900000000
0.250000000000000;3;2.36718300000000
0.250000000000000;3;1.50630480000000
0.250000000000000;3;1.53535460000000
0.250000000000000;3;2.30582120000000
0.250000000000000;3;2.18977770000000
0.250000000000000;3;2.17821200000000
0.250000000000000;3;1.12659000000000
0.250000000000000;3;1.36098620000000
0.250000000000000;3;2.16135640000000
0.250000000000000;3;2.17364460000000
0.250000000000000;3;1.63027970000000
0.250000000000000;3;2.77377330000000
0.250000000000000;3;3.97901560000000
0.250000000000000;3;0.577556330000000
0.250000000000000;3;1.23855230000000
0.250000000000000;3;0.563542220000000
0.250000000000000;3;2.27487070000000
0.250000000000000;3;1.18787370000000
0.250000000000000;3;0.565334070000000
0.250000000000000;3;1.83110270000000
0.250000000000000;3;1.06203070000000
0.250000000000000;3;1.05717430000000
0.250000000000000;3;1.88590170000000
0.250000000000000;3;1.32603620000000
0.250000000000000;3;0.865292010000000
0.250000000000000;3;1.27132970000000
0.250000000000000;3;0.995975440000000
0.250000000000000;3;0.968775220000000
0.250000000000000;3;1.65877100000000
0.250000000000000;3;2.19577640000000
0.250000000000000;3;1.52677930000000
0.250000000000000;3;1.69300020000000
0.250000000000000;3;2.10593370000000
0.250000000000000;3;1.59485670000000
0.250000000000000;3;1.63849540000000
0.250000000000000;3;2.09629050000000
0.250000000000000;3;1.65336350000000
0.250000000000000;3;2.17913920000000
0.250000000000000;3;3.24305130000000
0.250000000000000;3;1.80050330000000
0.250000000000000;3;1.12614840000000
0.250000000000000;3;1.10116340000000
0.300000000000000;3;0.402612790000000
0.300000000000000;3;0.979283350000000
0.300000000000000;3;0.364407220000000
0.300000000000000;3;0.367183000000000
0.300000000000000;3;0.273025780000000
0.300000000000000;3;0.894773110000000
0.300000000000000;3;0.810722560000000
0.300000000000000;3;1.18373730000000
0.300000000000000;3;1.25681190000000
0.300000000000000;3;1.70407300000000
0.300000000000000;3;1.26878640000000
0.300000000000000;3;1.16987890000000
0.300000000000000;3;1.21630250000000
0.300000000000000;3;1.75374490000000
0.300000000000000;3;1.19000540000000
0.300000000000000;3;1.30421210000000
0.300000000000000;3;1.22495660000000
0.300000000000000;3;1.32502610000000
0.300000000000000;3;1.82646000000000
0.300000000000000;3;1.32580490000000
0.300000000000000;3;1.21884610000000
0.300000000000000;3;1.20137370000000
0.300000000000000;3;1.82103820000000
0.300000000000000;3;1.18861760000000
0.300000000000000;3;1.22994510000000
0.300000000000000;3;1.18285320000000
0.300000000000000;3;1.46384710000000
0.300000000000000;3;2.19970980000000
0.300000000000000;3;2.09197920000000
0.300000000000000;3;1.42855430000000
0.300000000000000;3;1.18319930000000
0.300000000000000;3;1.25093630000000
0.300000000000000;3;1.72625470000000
0.300000000000000;3;1.20836280000000
0.300000000000000;3;1.15030440000000
0.300000000000000;3;1.21085510000000
0.300000000000000;3;1.42246710000000
0.300000000000000;3;1.85920960000000
0.300000000000000;3;0.731499000000000
0.300000000000000;3;0.682460780000000
0.300000000000000;3;0.691555780000000
0.300000000000000;3;0.673997780000000
0.300000000000000;3;1.49301370000000
0.300000000000000;3;2.05623320000000
0.300000000000000;3;0.406576000000000
0.300000000000000;3;1.13146370000000
0.300000000000000;3;0.635234300000000
0.300000000000000;3;1.20528010000000
0.300000000000000;3;0.919038150000000
0.300000000000000;3;1.43947810000000
0.300000000000000;3;2.09472220000000
0.300000000000000;3;2.10263920000000
0.300000000000000;3;1.93322960000000
0.300000000000000;3;1.92559400000000
0.300000000000000;3;1.11708620000000
0.300000000000000;3;1.33246470000000
0.300000000000000;3;0.618736000000000
0.300000000000000;3;0.973651950000000
0.300000000000000;3;0.378084130000000
0.300000000000000;3;0.572667960000000
0.300000000000000;3;1.07122670000000
0.300000000000000;3;0.722527860000000
0.300000000000000;3;1.21196530000000
0.300000000000000;3;0.598741000000000
0.300000000000000;3;1.11675690000000
0.300000000000000;3;1.19582080000000
0.300000000000000;3;0.889258000000000
0.300000000000000;3;1.20276320000000
0.300000000000000;3;0.458118220000000
0.300000000000000;3;0.531689000000000
0.300000000000000;3;1.35367540000000
0.300000000000000;3;0.966513000000000
0.300000000000000;3;0.925712560000000
0.300000000000000;3;1.36680410000000
0.300000000000000;3;2.51691390000000
0.300000000000000;3;1.49224240000000
0.300000000000000;3;2.18430060000000
0.300000000000000;3;2.67728680000000
0.300000000000000;3;3.01023420000000
0.300000000000000;3;1.89376990000000
0.300000000000000;3;2.21620420000000
0.300000000000000;3;1.58168600000000
0.300000000000000;3;2.57821340000000
0.300000000000000;3;2.09953540000000
0.300000000000000;3;0.743575890000000
0.300000000000000;3;0.778630000000000
0.300000000000000;3;1.06925560000000
0.300000000000000;3;1.87339860000000
0.300000000000000;3;1.18042820000000
0.300000000000000;3;1.79926170000000
0.300000000000000;3;2.56979640000000
0.300000000000000;3;1.74865570000000
0.300000000000000;3;2.75632780000000
0.300000000000000;3;3.35320630000000
0.300000000000000;3;1.06468400000000
0.300000000000000;3;0.734605560000000
0.350000000000000;3;0.972356560000000
0.350000000000000;3;1.50243160000000
0.350000000000000;3;1.21069210000000
0.350000000000000;3;0.675678670000000
0.350000000000000;3;1.23240420000000
0.350000000000000;3;0.344729440000000
0.350000000000000;3;1.06437100000000
0.350000000000000;3;2.19964260000000
0.350000000000000;3;1.37545910000000
0.350000000000000;3;1.24892960000000
0.350000000000000;3;1.20191300000000
0.350000000000000;3;1.87033040000000
0.350000000000000;3;1.67331590000000
0.350000000000000;3;1.61851550000000
0.350000000000000;3;1.65482010000000
0.350000000000000;3;1.51617030000000
0.350000000000000;3;1.26123760000000
0.350000000000000;3;1.52315000000000
0.350000000000000;3;1.80675500000000
0.350000000000000;3;1.65035630000000
0.350000000000000;3;1.19409110000000
0.350000000000000;3;1.23723010000000
0.350000000000000;3;1.38006400000000
0.350000000000000;3;2.17941500000000
0.350000000000000;3;1.37623250000000
0.350000000000000;3;1.19421180000000
0.350000000000000;3;1.24518740000000
0.350000000000000;3;1.80049240000000
0.350000000000000;3;2.17972710000000
0.350000000000000;3;1.63783970000000
0.350000000000000;3;1.29907070000000
0.350000000000000;3;1.20749380000000
0.350000000000000;3;2.21867590000000
0.350000000000000;3;2.03420840000000
0.350000000000000;3;1.62754110000000
0.350000000000000;3;1.41539270000000
0.350000000000000;3;2.82802770000000
0.350000000000000;3;1.72786230000000
0.350000000000000;3;1.31756700000000
0.350000000000000;3;0.932465780000000
0.350000000000000;3;1.29443490000000
0.350000000000000;3;0.525051110000000
0.350000000000000;3;1.14778970000000
0.350000000000000;3;1.84870610000000
0.350000000000000;3;1.89503210000000
0.350000000000000;3;1.11415260000000
0.350000000000000;3;0.601652780000000
0.350000000000000;3;1.13709220000000
0.350000000000000;3;0.717421890000000
0.350000000000000;3;0.900125670000000
0.350000000000000;3;2.71363030000000
0.350000000000000;3;1.36076950000000
0.350000000000000;3;3.22538570000000
0.350000000000000;3;3.62653310000000
0.350000000000000;3;1.48395680000000
0.350000000000000;3;1.34648300000000
0.350000000000000;3;1.19118790000000
0.350000000000000;3;0.544024420000000
0.350000000000000;3;0.829516890000000
0.350000000000000;3;1.21140230000000
0.350000000000000;3;0.802292890000000
0.350000000000000;3;0.878345160000000
0.350000000000000;3;0.685964930000000
0.350000000000000;3;0.972262890000000
0.350000000000000;3;0.529154190000000
0.350000000000000;3;0.445666990000000
0.350000000000000;3;0.962872680000000
0.350000000000000;3;0.275137370000000
0.350000000000000;3;0.331664780000000
0.350000000000000;3;0.333073140000000
0.350000000000000;3;0.953687780000000
0.350000000000000;3;0.663379330000000
0.350000000000000;3;0.490143830000000
0.350000000000000;3;0.676632190000000
0.350000000000000;3;1.66260990000000
0.350000000000000;3;1.59823800000000
0.350000000000000;3;1.85832910000000
0.350000000000000;3;1.62795110000000
0.350000000000000;3;2.13415320000000
0.350000000000000;3;1.54352560000000
0.350000000000000;3;2.91913300000000
0.350000000000000;3;2.47569600000000
0.350000000000000;3;2.91770470000000
0.350000000000000;3;2.90945530000000
0.350000000000000;3;3.79815010000000
0.350000000000000;3;5.31438130000000
0.350000000000000;3;3.80678560000000
0.350000000000000;3;3.81248680000000
0.350000000000000;3;3.05905320000000
0.350000000000000;3;3.26722760000000
0.350000000000000;3;2.07829730000000
0.350000000000000;3;2.86448990000000
0.350000000000000;3;2.27964440000000
0.350000000000000;3;2.93176560000000
0.350000000000000;3;1.80624360000000
0.350000000000000;3;2.58056820000000
0.0500000000000000;2;1.97476830000000
0.0500000000000000;2;0.893878670000000
0.0500000000000000;2;1.48976640000000
0.0500000000000000;2;0.861314780000000
0.0500000000000000;2;1.02867620000000
0.0500000000000000;2;1.14740960000000
0.0500000000000000;2;1.15711710000000
0.0500000000000000;2;2.26368500000000
0.0500000000000000;2;1.74596740000000
0.0500000000000000;2;1.77901370000000
0.0500000000000000;2;2.24592120000000
0.0500000000000000;2;2.01101280000000
0.0500000000000000;2;1.96807690000000
0.0500000000000000;2;1.76035030000000
0.0500000000000000;2;1.58692100000000
0.0500000000000000;2;1.69486210000000
0.0500000000000000;2;1.48548530000000
0.0500000000000000;2;2.29237330000000
0.0500000000000000;2;2.95629820000000
0.0500000000000000;2;2.21838910000000
0.0500000000000000;2;2.42852110000000
0.0500000000000000;2;1.85587330000000
0.0500000000000000;2;1.59006780000000
0.0500000000000000;2;1.40014270000000
0.0500000000000000;2;1.86786000000000
0.0500000000000000;2;1.59455540000000
0.0500000000000000;2;1.93901440000000
0.0500000000000000;2;2.46629260000000
0.0500000000000000;2;2.46995160000000
0.0500000000000000;2;1.48774320000000
0.0500000000000000;2;1.64321920000000
0.0500000000000000;2;3.35499880000000
0.0500000000000000;2;2.07907160000000
0.0500000000000000;2;1.37782280000000
0.0500000000000000;2;2.57392580000000
0.0500000000000000;2;2.76048340000000
0.0500000000000000;2;1.21305500000000
0.0500000000000000;2;1.17552290000000
0.0500000000000000;2;0.381297780000000
0.0500000000000000;2;0.626997220000000
0.0500000000000000;2;1.15493020000000
0.0500000000000000;2;0.638509780000000
0.0500000000000000;2;0.801592000000000
0.0500000000000000;2;0.306839110000000
0.0500000000000000;2;1.44970980000000
0.0500000000000000;2;1.25483380000000
0.0500000000000000;2;1.26899830000000
0.0500000000000000;2;1.16257230000000
0.0500000000000000;2;1.08780490000000
0.0500000000000000;2;1.70816630000000
0.0500000000000000;2;0.947254730000000
0.0500000000000000;2;0.872186680000000
0.0500000000000000;2;0.890692560000000
0.0500000000000000;2;0.709539110000000
0.0500000000000000;2;0.518535890000000
0.0500000000000000;2;0.954105780000000
0.0500000000000000;2;0.322818110000000
0.0500000000000000;2;0.382633000000000
0.0500000000000000;2;0.519107780000000
0.0500000000000000;2;1.20585120000000
0.0500000000000000;2;0.825979220000000
0.0500000000000000;2;0.427288110000000
0.0500000000000000;2;0.426521780000000
0.0500000000000000;2;1.08808310000000
0.0500000000000000;2;0.910902110000000
0.0500000000000000;2;0.709471780000000
0.0500000000000000;2;0.316555670000000
0.0500000000000000;2;0.348932000000000
0.0500000000000000;2;0.879525440000000
0.0500000000000000;2;0.387514330000000
0.0500000000000000;2;0.257602330000000
0.0500000000000000;2;0.374938040000000
0.0500000000000000;2;0.432980580000000
0.0500000000000000;2;1.35449240000000
0.0500000000000000;2;2.54591570000000
0.0500000000000000;2;2.02480560000000
0.0500000000000000;2;3.09147870000000
0.0500000000000000;2;2.80632390000000
0.0500000000000000;2;2.17006440000000
0.0500000000000000;2;1.11656920000000
0.0500000000000000;2;0.961026590000000
0.0500000000000000;2;0.906227520000000
0.0500000000000000;2;2.21830870000000
0.0500000000000000;2;1.70868670000000
0.0500000000000000;2;1.62845550000000
0.0500000000000000;2;1.62220370000000
0.0500000000000000;2;1.61696580000000
0.0500000000000000;2;1.67054760000000
0.0500000000000000;2;2.23330490000000
0.0500000000000000;2;1.58706780000000
0.0500000000000000;2;1.52245740000000
0.0500000000000000;2;1.61321110000000
0.0500000000000000;2;1.56161810000000
0.0500000000000000;2;2.17567960000000
0.0500000000000000;2;1.72764840000000
0.0500000000000000;2;1.30401760000000
0.800000000000000;2;0.396957440000000
0.800000000000000;2;0.367287560000000
0.800000000000000;2;0.408281220000000
0.800000000000000;2;0.847084440000000
0.800000000000000;2;0.358127000000000
0.800000000000000;2;0.313058440000000
0.800000000000000;2;0.675326330000000
0.800000000000000;2;1.13112930000000
0.800000000000000;2;1.84291580000000
0.800000000000000;2;1.20186090000000
0.800000000000000;2;1.24966980000000
0.800000000000000;2;1.27206530000000
0.800000000000000;2;1.27377620000000
0.800000000000000;2;1.84301400000000
0.800000000000000;2;1.17523240000000
0.800000000000000;2;1.30697500000000
0.800000000000000;2;1.23102460000000
0.800000000000000;2;1.24253310000000
0.800000000000000;2;1.77086180000000
0.800000000000000;2;1.25889090000000
0.800000000000000;2;1.17200650000000
0.800000000000000;2;1.14617170000000
0.800000000000000;2;1.16795870000000
0.800000000000000;2;1.27775060000000
0.800000000000000;2;1.86465440000000
0.800000000000000;2;1.25946130000000
0.800000000000000;2;1.25748360000000
0.800000000000000;2;1.21742710000000
0.800000000000000;2;1.91810310000000
0.800000000000000;2;1.21298870000000
0.800000000000000;2;0.609110220000000
0.800000000000000;2;0.255475890000000
0.800000000000000;2;0.591055220000000
0.800000000000000;2;0.461188440000000
0.800000000000000;2;0.494033440000000
0.800000000000000;2;1.37917230000000
0.800000000000000;2;0.795599780000000
0.800000000000000;2;1.42260300000000
0.800000000000000;2;1.73481360000000
0.800000000000000;2;0.265829560000000
0.800000000000000;2;1.15083330000000
0.800000000000000;2;0.322830890000000
0.800000000000000;2;1.11043860000000
0.800000000000000;2;0.344512890000000
0.800000000000000;2;0.968557330000000
0.800000000000000;2;0.431616440000000
0.800000000000000;2;0.453765560000000
0.800000000000000;2;0.816646780000000
0.800000000000000;2;0.270277980000000
0.800000000000000;2;0.701996340000000
0.800000000000000;2;0.448765560000000
0.800000000000000;2;0.327292440000000
0.800000000000000;2;0.729382000000000
0.800000000000000;2;0.718705670000000
0.800000000000000;2;0.306796330000000
0.800000000000000;2;0.599764590000000
0.800000000000000;2;0.968146670000000
0.800000000000000;2;0.634328670000000
0.800000000000000;2;0.663240440000000
0.800000000000000;2;1.03064820000000
0.800000000000000;2;0.587213560000000
0.800000000000000;2;0.439943110000000
0.800000000000000;2;1.15139880000000
0.800000000000000;2;0.437003000000000
0.800000000000000;2;0.453036890000000
0.800000000000000;2;0.488798110000000
0.800000000000000;2;1.00450830000000
0.800000000000000;2;0.491345780000000
0.800000000000000;2;0.535178670000000
0.800000000000000;2;0.776968220000000
0.800000000000000;2;0.961329220000000
0.800000000000000;2;0.600623890000000
0.800000000000000;2;0.846716670000000
0.800000000000000;2;1.19025980000000
0.800000000000000;2;1.58815400000000
0.800000000000000;2;0.853169780000000
0.800000000000000;2;1.80369110000000
0.800000000000000;2;2.13743000000000
0.800000000000000;2;4.52778300000000
0.800000000000000;2;2.90062580000000
0.800000000000000;2;3.78036710000000
0.800000000000000;2;3.06576490000000
0.800000000000000;2;3.46154360000000
0.800000000000000;2;1.84949890000000
0.800000000000000;2;3.61988930000000
0.800000000000000;2;2.08118480000000
0.800000000000000;2;2.65362110000000
0.800000000000000;2;1.95552590000000
0.800000000000000;2;1.49962330000000
0.800000000000000;2;1.60408620000000
0.800000000000000;2;1.54824720000000
0.800000000000000;2;2.35439470000000
0.800000000000000;2;1.70226590000000
0.800000000000000;2;1.64827790000000
0.800000000000000;2;1.54111690000000
0.800000000000000;2;1.60924360000000
0.500000000000000;2;1.46651500000000
0.500000000000000;2;0.811376560000000
0.500000000000000;2;0.833844940000000
0.500000000000000;2;0.336897220000000
0.500000000000000;2;0.853738620000000
0.500000000000000;2;0.357408670000000
0.500000000000000;2;0.641780650000000
0.500000000000000;2;1.21740100000000
0.500000000000000;2;1.18478620000000
0.500000000000000;2;1.77880860000000
0.500000000000000;2;1.17091430000000
0.500000000000000;2;1.19543480000000
0.500000000000000;2;1.20295270000000
0.500000000000000;2;1.20230100000000
0.500000000000000;2;1.79341200000000
0.500000000000000;2;1.18146440000000
0.500000000000000;2;1.17079040000000
0.500000000000000;2;1.19602710000000
0.500000000000000;2;1.19490320000000
0.500000000000000;2;1.80130310000000
0.500000000000000;2;1.19374810000000
0.500000000000000;2;1.18136770000000
0.500000000000000;2;1.18262190000000
0.500000000000000;2;1.15546570000000
0.500000000000000;2;1.81801740000000
0.500000000000000;2;1.17835730000000
0.500000000000000;2;1.22815120000000
0.500000000000000;2;1.17728460000000
0.500000000000000;2;1.89675490000000
0.500000000000000;2;1.63600800000000
0.500000000000000;2;1.15206130000000
0.500000000000000;2;1.17995920000000
0.500000000000000;2;1.64357690000000
0.500000000000000;2;1.56250840000000
0.500000000000000;2;1.95134790000000
0.500000000000000;2;1.24986820000000
0.500000000000000;2;1.38743320000000
0.500000000000000;2;2.94779660000000
0.500000000000000;2;2.56914120000000
0.500000000000000;2;2.19006220000000
0.500000000000000;2;1.23987610000000
0.500000000000000;2;1.14423070000000
0.500000000000000;2;0.433933330000000
0.500000000000000;2;1.14903760000000
0.500000000000000;2;0.727810540000000
0.500000000000000;2;1.03673080000000
0.500000000000000;2;0.280368890000000
0.500000000000000;2;0.737619000000000
0.500000000000000;2;0.872586220000000
0.500000000000000;2;0.673059780000000
0.500000000000000;2;0.865897890000000
0.500000000000000;2;0.325945560000000
0.500000000000000;2;0.685019470000000
0.500000000000000;2;1.32912690000000
0.500000000000000;2;0.575902890000000
0.500000000000000;2;0.637578330000000
0.500000000000000;2;0.635515780000000
0.500000000000000;2;2.01343360000000
0.500000000000000;2;2.18026940000000
0.500000000000000;2;1.37904670000000
0.500000000000000;2;1.97353790000000
0.500000000000000;2;1.84861480000000
0.500000000000000;2;1.29024160000000
0.500000000000000;2;0.705706900000000
0.500000000000000;2;0.520665150000000
0.500000000000000;2;0.597107110000000
0.500000000000000;2;0.830874440000000
0.500000000000000;2;0.798401560000000
0.500000000000000;2;0.904191440000000
0.500000000000000;2;1.15287180000000
0.500000000000000;2;0.561404560000000
0.500000000000000;2;0.764411670000000
0.500000000000000;2;0.879411560000000
0.500000000000000;2;1.42457410000000
0.500000000000000;2;0.419249000000000
0.500000000000000;2;0.500748940000000
0.500000000000000;2;0.740114760000000
0.500000000000000;2;1.56614070000000
0.500000000000000;2;0.830459780000000
0.500000000000000;2;0.774003000000000
0.500000000000000;2;0.855109110000000
0.500000000000000;2;2.14468480000000
0.500000000000000;2;2.12105410000000
0.500000000000000;2;2.03465200000000
0.500000000000000;2;0.925972780000000
0.500000000000000;2;1.40053100000000
0.500000000000000;2;1.28833800000000
0.500000000000000;2;1.24388240000000
0.500000000000000;2;0.810173110000000
0.500000000000000;2;1.04921340000000
0.500000000000000;2;1.28161030000000
0.500000000000000;2;1.22991780000000
0.500000000000000;2;1.04647820000000
0.500000000000000;2;0.802138330000000
0.500000000000000;2;0.914591330000000
0.500000000000000;2;0.677510460000000
1;3;0.703708880000000
1;3;0.639969890000000
1;3;0.425385220000000
1;3;0.773844000000000
1;3;0.727587320000000
1;3;0.736147170000000
1;3;1.02185090000000
1;3;1.93366090000000
1;3;1.28641700000000
1;3;1.56539660000000
1;3;1.64000760000000
1;3;1.29402410000000
1;3;1.81889300000000
1;3;1.34222700000000
1;3;1.58191780000000
1;3;1.57420610000000
1;3;1.14451800000000
1;3;1.78798380000000
1;3;1.43379300000000
1;3;1.63929870000000
1;3;1.40878460000000
1;3;1.22297430000000
1;3;1.74549280000000
1;3;1.61778170000000
1;3;1.63587030000000
1;3;1.41350580000000
1;3;1.27750360000000
1;3;2.12353220000000
1;3;2.50082620000000
1;3;1.59735420000000
1;3;1.41196910000000
1;3;1.26373790000000
1;3;2.35534530000000
1;3;1.76713920000000
1;3;1.73381340000000
1;3;2.52033310000000
1;3;2.91721080000000
1;3;1.11084560000000
1;3;1.50146360000000
1;3;0.928630780000000
1;3;0.839041560000000
1;3;0.270006220000000
1;3;1.10979460000000
1;3;0.691337040000000
1;3;1.18516140000000
1;3;0.294573080000000
1;3;0.285613330000000
1;3;1.42935670000000
1;3;1.56160080000000
1;3;2.02430130000000
1;3;1.66809080000000
1;3;2.21560780000000
1;3;2.63351890000000
1;3;1.54230580000000
1;3;1.74139790000000
1;3;0.920425000000000
1;3;1.07646440000000
1;3;2.49420020000000
1;3;0.935094890000000
1;3;2.12341590000000
1;3;2.40089080000000
1;3;0.549564110000000
1;3;0.287600560000000
1;3;0.401679560000000
1;3;1.26371940000000
1;3;0.495252440000000
1;3;0.334653220000000
1;3;0.648619110000000
1;3;0.567487760000000
1;3;0.713667590000000
1;3;0.551010890000000
1;3;0.886714110000000
1;3;0.241837780000000
1;3;0.329709670000000
1;3;1.02210510000000
1;3;1.68699670000000
1;3;0.936120330000000
1;3;0.725420220000000
1;3;1.48907460000000
1;3;5.63261240000000
1;3;4.21446420000000
1;3;3.60636640000000
1;3;3.24538160000000
1;3;3.19233000000000
1;3;4.10549630000000
1;3;3.10283610000000
1;3;2.93137230000000
1;3;2.82442260000000
1;3;3.24661480000000
1;3;2.28750990000000
1;3;1.97504240000000
1;3;2.36398980000000
1;3;2.43127440000000
1;3;2.40758830000000
1;3;1.92281480000000
1;3;1.95157200000000
0.250000000000000;3;1.37999400000000
0.250000000000000;3;1.87128730000000
0.250000000000000;3;1.79689840000000
0.250000000000000;3;0.737535480000000
0.250000000000000;3;0.807302660000000
0.250000000000000;3;0.813870630000000
0.250000000000000;3;1.95830330000000
0.250000000000000;3;1.72208680000000
0.250000000000000;3;1.14695750000000
0.250000000000000;3;1.23865740000000
0.250000000000000;3;1.11571880000000
0.250000000000000;3;2.02354300000000
0.250000000000000;3;1.66962540000000
0.250000000000000;3;1.21997110000000
0.250000000000000;3;1.20342930000000
0.250000000000000;3;1.19237600000000
0.250000000000000;3;1.91476180000000
0.250000000000000;3;1.79271600000000
0.250000000000000;3;1.37769050000000
0.250000000000000;3;1.11925040000000
0.250000000000000;3;1.18972740000000
0.250000000000000;3;1.71878810000000
0.250000000000000;3;1.78071990000000
0.250000000000000;3;1.42949600000000
0.250000000000000;3;1.11281870000000
0.250000000000000;3;1.17340960000000
0.250000000000000;3;1.11967230000000
0.250000000000000;3;2.28176180000000
0.250000000000000;3;2.27373190000000
0.250000000000000;3;1.15796120000000
0.250000000000000;3;1.15382700000000
0.250000000000000;3;1.20095990000000
0.250000000000000;3;2.08160120000000
0.250000000000000;3;1.66892800000000
0.250000000000000;3;1.55251270000000
0.250000000000000;3;1.60376690000000
0.250000000000000;3;1.67991780000000
0.250000000000000;3;2.37275170000000
0.250000000000000;3;1.21646520000000
0.250000000000000;3;1.12654980000000
0.250000000000000;3;1.95238080000000
0.250000000000000;3;2.96111820000000
0.250000000000000;3;2.92040470000000
0.250000000000000;3;3.25079200000000
0.250000000000000;3;2.83653790000000
0.250000000000000;3;2.42939700000000
0.250000000000000;3;1.24517880000000
0.250000000000000;3;1.53517100000000
0.250000000000000;3;1.12663610000000
0.250000000000000;3;1.36515930000000
0.250000000000000;3;0.362577560000000
0.250000000000000;3;0.937648610000000
0.250000000000000;3;0.221336850000000
0.250000000000000;3;0.728605440000000
0.250000000000000;3;0.970576670000000
0.250000000000000;3;0.696290670000000
0.250000000000000;3;0.898190670000000
0.250000000000000;3;0.293293110000000
0.250000000000000;3;0.300576000000000
0.250000000000000;3;1.00653590000000
0.250000000000000;3;0.710753950000000
0.250000000000000;3;0.366322860000000
0.250000000000000;3;0.895006220000000
0.250000000000000;3;0.296158950000000
0.250000000000000;3;0.258098670000000
0.250000000000000;3;1.22897510000000
0.250000000000000;3;0.608912320000000
0.250000000000000;3;0.347777000000000
0.250000000000000;3;0.945198330000000
0.250000000000000;3;1.09788050000000
0.250000000000000;3;1.22716460000000
0.250000000000000;3;1.88525960000000
0.250000000000000;3;1.37920700000000
0.250000000000000;3;1.62641140000000
0.250000000000000;3;2.35872090000000
0.250000000000000;3;3.33125990000000
0.250000000000000;3;3.42028670000000
0.250000000000000;3;3.78217870000000
0.250000000000000;3;2.46331820000000
0.250000000000000;3;2.53063670000000
0.250000000000000;3;1.74011900000000
0.250000000000000;3;2.28635090000000
0.250000000000000;3;1.89043290000000
0.250000000000000;3;2.48803490000000
0.250000000000000;3;2.65736170000000
0.250000000000000;3;2.54645350000000
0.250000000000000;3;3.02743110000000
0.250000000000000;3;1.89365770000000
0.250000000000000;3;1.97672760000000
0.250000000000000;3;2.78732140000000
0.250000000000000;3;2.79709000000000
0.250000000000000;3;3.27184670000000
0.250000000000000;3;2.77450210000000
0.250000000000000;3;2.40132410000000
0.250000000000000;3;3.09849960000000
0.250000000000000;3;2.05011970000000
0.300000000000000;3;1.23297760000000
0.300000000000000;3;1.28579770000000
0.300000000000000;3;0.761177110000000
0.300000000000000;3;0.937469080000000
0.300000000000000;3;1.46377720000000
0.300000000000000;3;1.04002460000000
0.300000000000000;3;0.690533330000000
0.300000000000000;3;1.23658600000000
0.300000000000000;3;2.07187560000000
0.300000000000000;3;1.65195560000000
0.300000000000000;3;1.31779510000000
0.300000000000000;3;1.22533930000000
0.300000000000000;3;1.70869600000000
0.300000000000000;3;1.59233920000000
0.300000000000000;3;1.59648520000000
0.300000000000000;3;1.68902840000000
0.300000000000000;3;1.34225380000000
0.300000000000000;3;1.22382030000000
0.300000000000000;3;1.60879170000000
0.300000000000000;3;2.06450240000000
0.300000000000000;3;1.34586290000000
0.300000000000000;3;1.20590490000000
0.300000000000000;3;1.38445700000000
0.300000000000000;3;1.56688590000000
0.300000000000000;3;2.06053810000000
0.300000000000000;3;1.20576180000000
0.300000000000000;3;1.30171290000000
0.300000000000000;3;1.48698420000000
0.300000000000000;3;2.97051570000000
0.300000000000000;3;0.556309000000000
0.300000000000000;3;0.321148780000000
0.300000000000000;3;0.287519780000000
0.300000000000000;3;1.22007180000000
0.300000000000000;3;0.736380780000000
0.300000000000000;3;0.412265630000000
0.300000000000000;3;0.339192230000000
0.300000000000000;3;0.335798670000000
0.300000000000000;3;1.48607680000000
0.300000000000000;3;1.07043730000000
0.300000000000000;3;0.840890670000000
0.300000000000000;3;0.666196440000000
0.300000000000000;3;1.43310040000000
0.300000000000000;3;0.932160670000000
0.300000000000000;3;0.796045560000000
0.300000000000000;3;0.379745440000000
0.300000000000000;3;3.34440460000000
0.300000000000000;3;3.14171940000000
0.300000000000000;3;2.25703280000000
0.300000000000000;3;3.90383250000000
0.300000000000000;3;4.32863450000000
0.300000000000000;3;2.87976660000000
0.300000000000000;3;2.22130360000000
0.300000000000000;3;1.11090500000000
0.300000000000000;3;1.15191600000000
0.300000000000000;3;0.991628110000000
0.300000000000000;3;1.42164720000000
0.300000000000000;3;0.588632330000000
0.300000000000000;3;1.05480560000000
0.300000000000000;3;0.557918440000000
0.300000000000000;3;0.997444220000000
0.300000000000000;3;0.657143330000000
0.300000000000000;3;0.525741330000000
0.300000000000000;3;1.09206570000000
0.300000000000000;3;0.562324420000000
0.300000000000000;3;0.661808220000000
0.300000000000000;3;0.869061670000000
0.300000000000000;3;0.465127330000000
0.300000000000000;3;1.09361770000000
0.300000000000000;3;0.786803450000000
0.300000000000000;3;0.692121110000000
0.300000000000000;3;1.03688010000000
0.300000000000000;3;2.45088630000000
0.300000000000000;3;2.96173200000000
0.300000000000000;3;2.88524220000000
0.300000000000000;3;3.45307300000000
0.300000000000000;3;2.90260310000000
0.300000000000000;3;3.00967280000000
0.300000000000000;3;3.39232300000000
0.300000000000000;3;2.93951620000000
0.300000000000000;3;2.87694480000000
0.300000000000000;3;2.96200730000000
0.300000000000000;3;3.32098380000000
0.300000000000000;3;3.56196630000000
0.300000000000000;3;3.92313310000000
0.300000000000000;3;4.06251120000000
0.300000000000000;3;3.95610090000000
0.300000000000000;3;2.64936660000000
0.300000000000000;3;3.88956440000000
0.300000000000000;3;4.18079240000000
0.300000000000000;3;4.05850810000000
0.300000000000000;3;4.80174660000000
0.300000000000000;3;4.90631210000000
0.300000000000000;3;4.80661270000000
0.300000000000000;3;2.67284840000000
0.300000000000000;3;2.33751990000000
0.300000000000000;3;2.35492600000000
0.350000000000000;2;1.93308900000000
0.350000000000000;2;2.03676930000000
